{"posicion":{"x":12.284299850463868,"y":13.270317077636719,"z":0.0},"tuto":false,"tutoplatform":true,"nombre":"gartley stron","tipopelo":2,"colorpelo":3,"ojos":1,"ropa":1,"piel":4,"pestañas":false,"plantas":[1,3,5,0,2,0,0,1,0,3],"time":817.0,"macetas":[{"posicion":{"x":5.754885673522949,"y":4.342060089111328,"z":0.0},"owntime":542,"owntimerest":-262,"alive":true,"sended":false,"started":false,"weet":true,"weettime":3,"planted":1,"type":0,"grown":false},{"posicion":{"x":-0.49381712079048159,"y":4.292022705078125,"z":0.0},"owntime":531,"owntimerest":-251,"alive":true,"sended":false,"started":false,"weet":true,"weettime":3,"planted":1,"type":0,"grown":false}]}